model,rt_mean_mae,rt_mean_r2,rt_mean_rho,rt_sd_mae,rt_sd_r2,rt_sd_rho,acc_mae,acc_r2,acc_rho
cond_only_ridge,196.95140369461507,0.14569232491978723,0.5117824480569666,190.7987947697139,0.066358521045215,0.4342821860679532,0.0567474771008443,0.055883825688944455,0.2693014070324386
eeg_cond_ridge,1485.9816635387606,-49.01175399804801,0.036475482475390106,1172.4038817323942,-24.50944872044637,0.04733927468471527,0.3054607523936921,-36.37819189491521,0.23775084093421242
eeg_cond_xgb,230.80215611950553,-0.11976669323761091,0.3221801988012663,216.76984882011368,-0.19785914270698246,0.27936489704924583,0.059793548227389706,-0.0632925243015956,0.1701098425142923
eeg_cond_mlp,235.23506720444308,-0.0861571431824093,0.34517262804566606,219.15911685842457,-0.09795164307543502,0.31169950992239776,0.06419628928951941,-0.175834453334776,0.1293633788300925
ddm_ridge,628.9677203396437,-6.443824164141527,0.052298796402177654,345.99414495771475,-1.116965956836339,0.0906386829027413,0.14137932554865285,-8.060615757324927,0.09985838584447841
ddm_xgb,220.10130873462637,-0.20738761156044117,0.3968332383341091,259.7637454438089,-0.5073952281384877,0.40477085173943894,0.09803347913783468,-1.4958305950944157,0.0407985002080167
pca_cond_ridge,206.81162446746654,0.11561268563848004,0.46556319189008294,196.65402670226092,0.032108249858086024,0.3903835388595634,0.05859599793338207,0.008391415583879014,0.20594938791076828
pca_cond_xgb,218.39938485217422,-0.01634483145721033,0.36026601766926475,207.15599999753968,-0.07059260817149138,0.2918446262912447,0.0628732500271098,-0.12204172683528358,0.10523415739592053
